{"optima":{"0":{"genotypes":[""],"numGlobalOptima":1,"optimum":0.7141000032424927,"possibleGenotypes":1},"1":{"genotypes":["2"],"numGlobalOptima":1,"optimum":0.7298999428749084,"possibleGenotypes":3},"10":{"genotypes":["2122122122"],"numGlobalOptima":1,"optimum":0.9039999842643738,"possibleGenotypes":59049},"11":{"genotypes":["02120122221","02121022221","02121202221","02121220221","20120122221","20121022221","20121202221","20121220221","21020122221","21021022221","21021202221","21021220221","21200122221","21201022221","21201202221","21201220221"],"numGlobalOptima":16,"optimum":0.9102999567985535,"possibleGenotypes":177147},"12":{"genotypes":["022201222221","022210222221","022212022221","022212202221","202201222221","202210222221","202212022221","202212202221","220201222221","220210222221","220212022221","220212202221","222001222221","222010222221","222012022221","222012202221"],"numGlobalOptima":16,"optimum":0.9132999777793884,"possibleGenotypes":531441},"13":{"genotypes":["0222222112122","2022222112122","2202222112122","2220222112122"],"numGlobalOptima":4,"optimum":0.9227999448776245,"possibleGenotypes":1594323},"14":{"genotypes":["02220121112222","02221021112222","02221201112222","02221210112222","20220121112222","20221021112222","20221201112222","20221210112222","22020121112222","22021021112222","22021201112222","22021210112222","22200121112222","22201021112222","22201201112222","22201210112222"],"numGlobalOptima":16,"optimum":0.9248999357223511,"possibleGenotypes":4782969},"2":{"genotypes":["22"],"numGlobalOptima":1,"optimum":0.7376999258995056,"possibleGenotypes":9},"3":{"genotypes":["022","202","220"],"numGlobalOptima":3,"optimum":0.7376999258995056,"possibleGenotypes":27},"4":{"genotypes":["2222"],"numGlobalOptima":1,"optimum":0.7382000088691711,"possibleGenotypes":81},"5":{"genotypes":["22222"],"numGlobalOptima":1,"optimum":0.8065000176429749,"possibleGenotypes":243},"6":{"genotypes":["022222","202222","220222","222022"],"numGlobalOptima":4,"optimum":0.830299973487854,"possibleGenotypes":729},"7":{"genotypes":["0022222","0202222","0220222","2002222","2020222","2200222"],"numGlobalOptima":6,"optimum":0.839199960231781,"possibleGenotypes":2187},"8":{"genotypes":["12222122"],"numGlobalOptima":1,"optimum":0.8428999781608582,"possibleGenotypes":6561},"9":{"genotypes":["021212222","022212222","201212222","202212222","210212222","212012222","220212222","222012222"],"numGlobalOptima":8,"optimum":0.88919997215271,"possibleGenotypes":19683}}}