{"0":{"fitness":[[0.7141000032424927,1.0]],"genotypes":[""]},"1":{"fitness":[[0.7298999428749084,0.9158141016960144],[0.7262999415397644,0.9649493098258972],[0.7141000032424927,1.0]],"genotypes":["2","1","0"]},"10":{"fitness":[[0.9039999842643738,0.3778960108757019],[0.9033999443054199,0.49405884742736816],[0.9023999571800232,0.5112630128860474],[0.9012999534606934,0.5462678670883179],[0.901199996471405,0.595448911190033],[0.9008999466896057,0.6132495403289795],[0.8995999693870544,0.6522915959358215],[0.8980000019073486,0.6573381423950195],[0.897599995136261,0.6694958209991455],[0.8968999981880188,0.7014268040657043],[0.894599974155426,0.7084919810295105],[0.8941999673843384,0.7333577871322632],[0.8935999870300293,0.7353764176368713],[0.8923999667167664,0.7404229640960693],[0.8910999894142151,0.768408477306366],[0.8898000121116638,0.77239990234375],[0.8888999819755554,0.7754737138748169],[0.8855999708175659,0.8094233274459839],[0.8823000192642212,0.8413543105125427],[0.8759999871253967,0.8433270454406738],[0.8756999969482422,0.8732852935791016],[0.8726999759674072,0.8753039240837097],[0.8615000247955322,0.9072349667549133],[0.8377999663352966,0.9376519918441772],[0.835099995136261,0.9391659498214722],[0.796500027179718,0.9695829749107361],[0.7141000032424927,1.0]],"genotypes":["2122122122","0221012222","0112122122","0021122122","0011122122","0002012222","0002012122","0001022221","0001112122","0001012122","0001111122","0001002122","0001021112","0001011122","0000002122","0001001122","0000011122","0000011121","0000001112","0000011111","0000000121","0000001111","0000000111","0000000101","0000000011","0000000001","0000000000"]},"11":{"fitness":[[0.9102999567985535,0.4636417627334595],[0.9090999960899353,0.5128228664398193],[0.9077999591827393,0.545854926109314],[0.9072999954223633,0.5817773342132568],[0.9061999917030334,0.5970087051391602],[0.9051999449729919,0.6218745708465576],[0.9042999744415283,0.6371060013771057],[0.9039999842643738,0.6538056135177612],[0.903499960899353,0.6558241844177246],[0.902999997138977,0.6659631729125977],[0.9024999737739563,0.6710097789764404],[0.9023000001907349,0.6877551674842834],[0.9019999504089355,0.7029865980148315],[0.9006999731063843,0.7069780230522156],[0.9001999497413635,0.7100518345832825],[0.8983999490737915,0.7267513275146484],[0.8980000019073486,0.7368903756141663],[0.897599995136261,0.7419828176498413],[0.896399974822998,0.7439556121826172],[0.8946999907493591,0.7450566291809082],[0.8937999606132507,0.7770335078239441],[0.8930000066757202,0.7790062427520752],[0.88919997215271,0.8109372854232788],[0.8860999941825867,0.8129558563232422],[0.8844000101089478,0.8418130874633789],[0.8830999732017517,0.8429141640663147],[0.8805999755859375,0.8448868989944458],[0.8756999969482422,0.8732852935791016],[0.8738999962806702,0.8768179416656494],[0.8615000247955322,0.9072349667549133],[0.8519999384880066,0.9087947607040405],[0.8377999663352966,0.9376519918441772],[0.835099995136261,0.9391659498214722],[0.796500027179718,0.9695829749107361],[0.7141000032424927,1.0]],"genotypes":["02120122221","01210122221","00022221121","00210122121","00110122221","00020121212","00010112222","00020021122","00020121121","00010221121","00010112122","00020012121","00010021122","00110011122","00010111212","00020011112","00010012211","00010011122","00010111211","00000111122","00000011212","00000111112","00000011112","00000111111","00010001111","00000001211","00000011111","00000001021","00000001111","00000001011","00000000111","00000001001","00000000011","00000000001","00000000000"]},"12":{"fitness":[[0.9132999777793884,0.35013991594314575],[0.9115999937057495,0.36427026987075806],[0.9114999771118164,0.3982199430465698],[0.9108999371528625,0.46625685691833496],[0.9104999899864197,0.549387514591217],[0.9092999696731567,0.5575078725814819],[0.9085999727249146,0.5635179281234741],[0.9078999757766724,0.6066889762878418],[0.9071999788284302,0.6233885288238525],[0.9060999751091003,0.6375188827514648],[0.9058999419212341,0.6406385898590088],[0.9041999578475952,0.6725696325302124],[0.9030999541282654,0.6745423674583435],[0.9024999737739563,0.6765609979629517],[0.9023000001907349,0.6877551674842834],[0.9019999504089355,0.7029865980148315],[0.901199996471405,0.7115657925605774],[0.9004999995231628,0.7135844230651855],[0.8987999558448792,0.7146396040916443],[0.8984999656677246,0.7455154657363892],[0.8964999914169312,0.7466164827346802],[0.8955000042915344,0.748589277267456],[0.8941999673843384,0.777446448802948],[0.8930000066757202,0.7790062427520752],[0.8923999667167664,0.7805660963058472],[0.8894000053405762,0.782538890838623],[0.88919997215271,0.8109372854232788],[0.8867999911308289,0.8124971389770508],[0.8860999941825867,0.8129558563232422],[0.8855999708175659,0.8144698739051819],[0.8844000101089478,0.8418130874633789],[0.8830999732017517,0.8429141640663147],[0.8810999989509583,0.8464467525482178],[0.8756999969482422,0.8732852935791016],[0.8738999962806702,0.8768179416656494],[0.8638999462127686,0.8783777356147766],[0.8615000247955322,0.9072349667549133],[0.8519999384880066,0.9087947607040405],[0.8377999663352966,0.9376519918441772],[0.835099995136261,0.9391659498214722],[0.796500027179718,0.9695829749107361],[0.7141000032424927,1.0]],"genotypes":["022201222221","122101222221","212101222211","002200222221","002100222211","000201122212","011100222211","000101212122","000200212211","001100122211","000101121212","000100122121","000101211121","001100111212","000200120121","000100210122","000100111122","000101111121","000001111122","000100112111","000000112112","000001111211","000100012111","000001110112","000000111112","000001111111","000000110112","000000012111","000001110111","000000111111","000100010111","000000010211","000000011111","000000010021","000000010111","000000001111","000000010011","000000000111","000000010001","000000000011","000000000001","000000000000"]},"13":{"fitness":[[0.9227999448776245,0.2520989179611206],[0.92249995470047,0.4563930630683899],[0.9211999773979187,0.470523476600647],[0.9209999442100525,0.5233747959136963],[0.9198999404907227,0.5273661613464355],[0.9197999835014343,0.5284213423728943],[0.9196999669075012,0.562371015548706],[0.9191999435424805,0.5927879810333252],[0.9187999367713928,0.5937973260879517],[0.9185999631881714,0.5947607755661011],[0.9184999465942383,0.5957700610160828],[0.9177999496459961,0.6029269695281982],[0.917199969291687,0.6267375946044922],[0.9164999723434448,0.6282516121864319],[0.9162999391555786,0.675872802734375],[0.9146999716758728,0.6768821477890015],[0.9142999649047852,0.6769738793373108],[0.9140999913215637,0.6794053912162781],[0.9128999710083008,0.6805064678192139],[0.9126999378204346,0.7148690223693848],[0.9115999937057495,0.7158783674240112],[0.9090999960899353,0.7164288759231567],[0.9084999561309814,0.7169793844223022],[0.9083999395370483,0.7392301559448242],[0.9081999659538269,0.7499197125434875],[0.9060999751091003,0.7509289979934692],[0.9058999419212341,0.7534523010253906],[0.9048999547958374,0.7742350101470947],[0.9041999578475952,0.7813001871109009],[0.903499960899353,0.7833187580108643],[0.9024999737739563,0.7838693261146545],[0.9016000032424927,0.784832775592804],[0.8998000025749207,0.8117172122001648],[0.8989999890327454,0.8152498006820679],[0.898099958896637,0.8168096542358398],[0.8937999606132507,0.8436481952667236],[0.8935999870300293,0.8471808433532715],[0.8833000063896179,0.8775978088378906],[0.8726999759674072,0.8791576623916626],[0.869100034236908,0.9080148339271545],[0.8629000186920166,0.9095288515090942],[0.8377999663352966,0.9376519918441772],[0.835099995136261,0.9391659498214722],[0.8343999981880188,0.9399458765983582],[0.796500027179718,0.9695829749107361],[0.7749999761581421,0.9703629016876221],[0.7141000032424927,1.0]],