{"optima":{"0":{"genotypes":[""],"numGlobalOptima":1,"optimum":0.45179998874664307,"possibleGenotypes":1},"1":{"genotypes":["1"],"numGlobalOptima":1,"optimum":0.46119996905326843,"possibleGenotypes":3},"10":{"genotypes":["2222221122"],"numGlobalOptima":1,"optimum":0.6720999479293823,"possibleGenotypes":59049},"11":{"genotypes":["12212111122"],"numGlobalOptima":1,"optimum":0.6812000274658203,"possibleGenotypes":177147},"12":{"genotypes":["122222111122"],"numGlobalOptima":1,"optimum":0.6848999857902527,"possibleGenotypes":531441},"13":{"genotypes":["2211111111222"],"numGlobalOptima":1,"optimum":0.7048999667167664,"possibleGenotypes":1594323},"14":{"genotypes":["12222211121211","22111111112202","22111111112220"],"numGlobalOptima":3,"optimum":0.7048999667167664,"possibleGenotypes":4782969},"2":{"genotypes":["22"],"numGlobalOptima":1,"optimum":0.46799999475479126,"possibleGenotypes":9},"3":{"genotypes":["222"],"numGlobalOptima":1,"optimum":0.47419998049736023,"possibleGenotypes":27},"4":{"genotypes":["2221"],"numGlobalOptima":1,"optimum":0.477400004863739,"possibleGenotypes":81},"5":{"genotypes":["12222"],"numGlobalOptima":1,"optimum":0.5565999746322632,"possibleGenotypes":243},"6":{"genotypes":["222222"],"numGlobalOptima":1,"optimum":0.579800009727478,"possibleGenotypes":729},"7":{"genotypes":["2212221"],"numGlobalOptima":1,"optimum":0.5867999792098999,"possibleGenotypes":2187},"8":{"genotypes":["11222221"],"numGlobalOptima":1,"optimum":0.5914999842643738,"possibleGenotypes":6561},"9":{"genotypes":["012212112","102212112","120212112","122012112"],"numGlobalOptima":4,"optimum":0.6502999663352966,"possibleGenotypes":19683}}}