{"0":{"fitness":[[0.45179998874664307,1.0]],"genotypes":[""]},"1":{"fitness":[[0.46119996905326843,0.9649493098258972],[0.45179998874664307,1.0]],"genotypes":["1","0"]},"10":{"fitness":[[0.6720999479293823,0.32876086235046387],[0.6716000437736511,0.4098728895187378],[0.670699954032898,0.5152543783187866],[0.6691000461578369,0.5471854209899902],[0.6683999300003052,0.5643895864486694],[0.6663999557495117,0.582236111164093],[0.6659999489784241,0.586181640625],[0.6657999753952026,0.6130660772323608],[0.6651999354362488,0.6161398887634277],[0.6648000478744507,0.634445071220398],[0.6624999642372131,0.638436496257782],[0.6622999906539917,0.6734871864318848],[0.6610999703407288,0.7033995389938354],[0.6608999371528625,0.7073909044265747],[0.6603999733924866,0.7393678426742554],[0.6595999598503113,0.7424416542053223],[0.6558999419212341,0.7684085369110107],[0.6556999683380127,0.77239990234375],[0.6541000008583069,0.8074046969413757],[0.6501999497413635,0.8094233274459839],[0.6444999575614929,0.811396062374115],[0.6423999667167664,0.8413543105125427],[0.63919997215271,0.8732852935791016],[0.6358999609947205,0.8753039240837097],[0.6244999766349792,0.9072349667549133],[0.5985999703407288,0.9376519918441772],[0.5911999940872192,0.9391659498214722],[0.5479000210762024,0.9695829749107361],[0.45179998874664307,1.0]],"genotypes":["2222221122","2221022122","1121121122","1211021122","1111121122","0121021122","1121011122","1121001212","0121021112","0011121122","0111111122","0011111122","0001112112","0011111112","0011011112","0001111112","0000002122","0001001122","0000001122","0000011112","0000111111","0000001112","0000000112","0000001111","0000000111","0000000101","0000000011","0000000001","0000000000"]},"11":{"fitness":[[0.6812000274658203,0.43565624952316284],[0.6794999837875366,0.4848373532295227],[0.678399920463562,0.5198880434036255],[0.6771000027656555,0.5238335132598877],[0.6761000156402588,0.5340184569358826],[0.6757000088691711,0.5588842630386353],[0.6755000352859497,0.5690232515335083],[0.6753000020980835,0.6080194711685181],[0.673099935054779,0.6258659362792969],[0.6720999479293823,0.6349039077758789],[0.671500027179718,0.6430701613426208],[0.6709999442100525,0.6780749559402466],[0.6701000332832336,0.7029866576194763],[0.6698999404907227,0.7069321870803833],[0.6687999367713928,0.7439556121826172],[0.6629999876022339,0.7450566291809082],[0.6622999906539917,0.7470753192901611],[0.6621999740600586,0.7769876718521118],[0.6606999635696411,0.77900630235672],[0.6588999629020691,0.8109372854232788],[0.6509999632835388,0.812955915927887],[0.6507999897003174,0.8448868989944458],[0.6428999900817871,0.8768179416656494],[0.6244999766349792,0.9072349667549133],[0.6147000193595886,0.9087948203086853],[0.5985999703407288,0.9376519918441772],[0.5911999940872192,0.9391659498214722],[0.5479000210762024,0.9695829749107361],[0.45179998874664307,1.0]],"genotypes":["12212111122","12112111212","01212111212","11211111122","11112111122","01211111212","01111211122","01111111122","00120111122","01110112112","00111111212","00011111122","00010012212","00110011122","00010111112","00000111212","00001111112","00000011221","00000111121","00000011121","00000111111","00000011111","00000001111","00000001011","00000000111","00000001001","00000000011","00000000001","00000000000"]},"12":{"fitness":[[0.6848999857902527,0.3171078562736511],[0.683899998664856,0.371335506439209],[0.6836000084877014,0.388080894947052],[0.6830000281333923,0.42707711458206177],[0.6823999881744385,0.43322473764419556],[0.6823000311851501,0.4762123227119446],[0.6812999844551086,0.4863972067832947],[0.6805999875068665,0.5253934264183044],[0.6794000267982483,0.5366334915161133],[0.6793000102043152,0.5603982210159302],[0.6790000200271606,0.6055879592895508],[0.6765000224113464,0.6273798942565918],[0.6751000285148621,0.6375188827514648],[0.6748000383377075,0.6445841193199158],[0.6746000051498413,0.6624306440353394],[0.6739000082015991,0.6765609979629517],[0.6723000407218933,0.6816075444221497],[0.6713999509811401,0.7115657925605774],[0.6692999601364136,0.7135844230651855],[0.6687999367713928,0.7439556121826172],[0.6669000387191772,0.7455154657363892],[0.6659999489784241,0.746616542339325],[0.6646999716758728,0.748589277267456],[0.6636999845504761,0.7506078481674194],[0.6628999710083008,0.7805202603340149],[0.6588999629020691,0.8109372854232788],[0.6543999910354614,0.8144698739051819],[0.6507999897003174,0.8448868989944458],[0.6502999663352966,0.8464467525482178],[0.6428999900817871,0.8768179416656494],[0.6261000037193298,0.8783777952194214],[0.6244999766349792,0.9072349667549133],[0.6147000193595886,0.9087948203086853],[0.5985999703407288,0.9376519918441772],[0.5911999940872192,0.9391659498214722],[0.5479000210762024,0.9695829749107361],[0.45179998874664307,1.0]],"genotypes":["122222111122","122112111222","122201211122","122201111212","012202211122","122101111212","112102111122","112101111122","011102111222","012101111212","001102111212","001200111212","001100211122","001101112211","000200111212","001100111212","000111111121","000100111212","000101111121","000101110112","000100111112","000000111212","000001111112","000011111111","000000111211","000000110121","000000111111","000000110111","000000011111","000000010111","000000001111","000000010011","000000000111","000000010001","000000000011","000000000001","000000000000"]},"13":{"fitness":[[0.7048999667167664,0.3832637667655945],[0.7038999795913696,0.39340275526046753],[0.7037999629974365,0.4323989748954773],[0.7023999691009521,0.4395099878311157],[0.7019000053405762,0.4475845694541931],[0.70169997215271,0.47451484203338623],[0.7013999819755554,0.4967656135559082],[0.7006999850273132,0.5165848731994629],[0.6998999714851379,0.5221819877624512],[0.6998000144958496,0.5378262996673584],[0.6994999647140503,0.5409460067749023],[0.6990000009536743,0.5439280867576599],[0.6983000040054321,0.5445703864097595],[0.6980999708175659,0.5768684148788452],[0.6973999738693237,0.583016037940979],[0.6967999935150146,0.6003119945526123],[0.6958000063896179,0.6058173179626465],[0.6955000162124634,0.6128824949264526],[0.6953999996185303,0.6154975891113281],[0.6948999762535095,0.6175161600112915],[0.6947000026702881,0.618066668510437],[0.6944999694824219,0.6306831240653992],[0.6944000124931335,0.641923189163208],[0.6942999958992004,0.6449052691459656],[0.694100022315979,0.6469238996505737],[0.6937999725341797,0.6505482196807861],[0.692799985408783,0.652521014213562],[0.6919999718666077,0.6844978928565979],[0.691100001335144,0.6855530738830566],[0.6894000172615051,0.7158783674240112],[0.6880999803543091,0.7169793844223022],[0.6863999962806702,0.7175299525260925],[0.6855999827384949,0.7179887294769287],[0.6854000091552734,0.7189521789550781],[0.6852999925613403,0.7498279809951782],[0.6833000183105469,0.7529017925262451],[0.6805999875068665,0.7817589640617371],[0.6787000298500061,0.7853833436965942],[0.6765000224113464,0.8117172122001648],[0.6758000254631042,0.8132770657539368],[0.6751000285148621,0.8152498006820679],[0.6733999252319336,0.8158003687858582],[0.6673999428749084,0.8436481952667236],[0.6631999611854553,0.8471808433532715],[0.660099983215332,0.8775978088378906],[0.6417999863624573,0.8791576623916626],[0.6353999972343445,0.9080148935317993],[0.6268999576568604,0.9095288515090942],[0.5985999703407288,0.9376519918441772],[0.5911999940872192,0.9391659498214722],[0.5909000039100647,0.9399458765983582],[0.5479000210762024,0.9695829749107361],[0.5058000087738037,0.9703629016876221],[0.45179998874664307,1.0]],